id_voluntario,cor_pele,cor_olhos,cor_cabelo_15_anos,rs1426654,rs6058017,rs1800404,rs16891982
EC001,Parda,Castanho,Preto,AA,,,
EC002,Parda,Castanho,Castanho,GG,AA,GA,
EC003,Parda,Castanho,Preto,GA,,AA,
EC004,Parda,Castanho,Castanho,,,,
EC005,Parda,Castanho,Castanho,AA,AA,AA,
EC006,Branca,Castanho,Castanho,AA,AG,,
EC007,Preta,Castanho,Preto,GG,,GG,
EC008,Parda,Castanho,Castanho,AA,,GG,
EC009,Branca,Castanho,Castanho,AA,AG,AA,
EC010,Parda,Castanho,Castanho,GA,AG,,
EC011,Amarela,Castanho,Castanho,GA,AG,,
EC012,Branca,Castanho,Castanho,AA,,,CC
EC013,Branca,Castanho,Preto,AA,AA,GA,CG
EC014,Parda,Castanho,Castanho,AA,AA,,CG
EC015,Branca,Castanho,Castanho,AA,AG,AA,CC
EC016,Parda,Castanho,Castanho,GG,AA,AA,CG
EC017,Branca,Castanho,Castanho,AA,AA,,
EC018,Parda,Castanho,Castanho,AA,AA,,
EC019,Branca,Castanho,Castanho,AA,AA,GA,CG
EC020,Branca,Castanho,Castanho,,,,
EC021,Branca,Verde,Castanho,AA,AA,AA,CG
EC022,Parda,Castanho,Castanho,,,,
EC023,Parda,Castanho,Preto,,AA,,
EC024,Branca,Castanho,Castanho,,,,
EC025,Branca,Castanho,Preto,AA,AA,AA,
EC026,Branca,Castanho,Castanho,,AA,,
EC027,Branca,Castanho,Preto,,AA,AA,
EC028,Branca,Castanho,Castanho,GA,,,
EC029,Amarela,Verde,Louro,,,,
EC030,Parda,Castanho,Castanho,,,,
EC031,Branca,Castanho,Castanho,AA,AA,AA,CC
EC032,Parda,Castanho,Castanho,GG,AG,GG,CG
EC033,Branca,Castanho,Castanho,,,,
EC034,Parda,Castanho,Castanho,AA,AA,,
EC035,Parda,Preto,Preto,GA,,,
EC036,Parda,Castanho,Preto,,AA,,
EC037,Parda,Castanho,Castanho,,,,
EC038,Parda,Castanho,Castanho,,,,
EC039,Preta,Castanho,Castanho,GA,,,
EC040,Branca,Castanho,Castanho,,,,
EC041,Amarela,Castanho,Castanho,AA,,,
EC042,Preta,Castanho,Preto,,,,
EC043,Parda,Castanho,Castanho,,,,
EC044,Parda,Castanho,Castanho,AA,,GA,
EC045,Parda,Castanho,Castanho,AA,,,
EC046,Amarela,Castanho,Castanho,AA,AG,AA,
EC047,Parda,Castanho,Castanho,,,,
EC048,Parda,Castanho,Castanho,AA,,AA,
EC049,Amarela,Castanho,Castanho,AA,AG,AA,
EC050,Branca,Castanho,Castanho,AA,AA,GA,
EC051,Parda,Verde,Castanho,GA,AG,AA,
EC052,Parda,Castanho,Castanho,GA,AA,AA,
EC053,Parda,Castanho,Castanho,GA,AA,AA,
EC054,Parda,Castanho,Preto,,AA,GA,
EC055,Parda,Castanho,Castanho,GA,AG,GA,
EC056,Preta,Castanho,Preto,GA,AA,AA,
EC057,Preta,Castanho,Preto,GA,,GA,
EC058,Parda,Castanho,Castanho,GA,AA,GA,
EC059,Parda,Preto,Castanho,AA,,AA,
EC060,Parda,Castanho,Castanho,GA,GG,GG,
EC061,Parda,Castanho,Castanho,AA,,GG,
EC062,Branca,Castanho,Castanho,GA,AA,AA,
EC063,Indígena,Castanho,Castanho,GA,AA,AA,
EC064,Branca,Verde,Louro,,,AA,
EC065,Parda,Castanho,Castanho,GA,AG,GG,
EC066,Branca,Castanho,Castanho,,AA,AA,
EC067,Parda,Castanho,Castanho,AA,AG,GG,
EC068,Branca,Castanho,Castanho,AA,AG,GA,
EC069,Branca,Castanho,Castanho,GA,AA,,
EC070,Parda,Castanho,Castanho,GA,,,
EC071,Branca,Castanho,Castanho,,,,
EC072,Branca,Castanho,Castanho,GG,AG,,
EC073,Branca,Azul,Louro,AA,AA,GA,
EC074,Branca,Castanho,Castanho,GA,AA,AA,
EC075,Branca,Castanho,Preto,AA,AG,AA,
CE076,Parda,Castanho,Castanho,AA,,,
EC077,Branca,Castanho,Preto,AA,AG,AA,
EC078,Branca,Verde,Castanho,GG,AA,AA,
EC079,Parda,Castanho,Castanho,AA,AA,AA,
EC080,Parda,Castanho,Castanho,AA,AA,GA,
EC081,Branca,Castanho,Castanho,AA,AA,GA,
EC082,Branca,Castanho,Castanho,AA,,,
EC083,Branca,Castanho,Castanho,GA,AA,GA,
EC084,Branca,Castanho,Castanho,AA,AG,AA,
EC085,Parda,Castanho,Preto,AA,AG,GA,
EC086,Parda,Castanho,Preto,AA,,,
EC087,Branca,Castanho,Castanho,AA,AG,AA,
EC088,Parda,Castanho,Preto,GA,AG,AA,
EC089,Parda,Castanho,Castanho,AA,AG,AA,
EC090,Branca,Castanho,Castanho,AA,AA,AA,
EC091,Parda,Castanho,Castanho,AA,AA,AA,
EC092,Branca,Castanho,Castanho,AA,,GG,
EC093,Branca,Verde,Castanho,AA,AG,AA,
EC094,Parda,Castanho,Preto,GA,AG,GG,
EC095,Parda,Castanho,Castanho,GA,AA,GA,
EC096,Branca,Castanho,Preto,GA,,,
EC097,Branca,Castanho,Castanho,AA,AG,GA,
EC098,Parda,Castanho,Castanho,GA,AG,,
EC099,Branca,Castanho,Castanho,GA,AA,,
EC100,Parda,Castanho,Castanho,AA,GG,GA,
EC101,Branca,Castanho,Castanho,AA,AG,AA,
1,Parda,Castanho,Castanho,GA,GG,GA,CG
2,Parda,Castanho,Castanho,GA,AG,AA,GG
3,Parda,Castanho,Castanho,GG,AA,GA,CC
4,Parda,Castanho,Castanho,GA,AG,GG,CG
5,Parda,Castanho,Castanho,GA,GG,GG,CG
6,Branca,Castanho,Castanho,GA,AG,GA,CG
7,Preta,Preto,Preto,GG,GG,GG,CC
8,Branca,Castanho,Preto,AA,AA,GA,CG
9,Parda,Castanho,Preto,GA,AG,AA,CG
10,Branca,Castanho,Castanho,AA,AA,GA,GG
11,Parda,Castanho,Castanho,GG,GG,GG,CG
14,Parda,Castanho,Preto,AA,AA,AA,CG
15,Parda,Castanho,Castanho,GA,AA,GG,CG
16,Parda,Castanho,Castanho,GA,AG,GA,CC
17,Branca,Castanho,Castanho,AA,AA,AA,CG
18,Parda,Preto,Castanho,AA,AA,GA,CC
19,Parda,Castanho,Castanho,GA,AA,AA,CG
20,Parda,Castanho,Castanho,AA,AA,GG,CG
21,Branca,Castanho,Castanho,AA,AA,GA,CG
22,Parda,Castanho,Castanho,AA,AG,AA,CC
23,Parda,Castanho,Castanho,GA,AG,GG,CC
24,Parda,Castanho,Castanho,AA,AG,AA,CG
25,Branca,Castanho,Castanho,GA,AA,GA,CG
26,Branca,Verde,Preto,AA,AG,AA,CG
27,Parda,Castanho,Preto,AA,AA,GG,CG
28,Parda,Castanho,Castanho,GA,AA,GA,GG
29,Parda,Castanho,Castanho,AA,AG,AA,CG
30,Preta,Castanho,Castanho,GA,AG,GG,CC
31,Parda,Castanho,Castanho,GA,AA,GA,GG
32,Parda,Preto,Preto,GA,AA,GA,CG
33,Parda,Castanho,Preto,AA,AA,GA,CG
34,Preta,Preto,Preto,GA,AG,GA,CC
35,Branca,Castanho,Castanho,AA,AG,GA,GG
36,Parda,Castanho,Preto,AA,AA,AA,CC
37,Preta,Preto,Preto,GA,AA,AA,CG
38,Preta,Castanho,Castanho,GA,GG,GA,CG
39,Parda,Castanho,Castanho,AA,GG,GA,CG
40,Parda,Castanho,Castanho,AA,AG,GA,CC
41,Branca,Castanho,Castanho,AA,AG,GA,GG
42,Parda,Castanho,Castanho,AA,AG,GA,CG
43,Parda,Castanho,Castanho,GA,AG,GA,CC
44,Parda,Castanho,Castanho,GA,AG,GA,CG
45,Parda,Castanho,Castanho,GA,AA,AA,CG
46,Branca,Preto,Preto,AA,AA,,CG
47,Parda,Castanho,Preto,GA,AA,GA,CC
48,Parda,Castanho,Castanho,AA,AG,GG,CC
49,Parda,Castanho,Castanho,GA,AG,GG,CC
50,Branca,Castanho,Castanho,GA,AG,AA,GG
51,Preta,Castanho,Castanho,GA,AA,GA,GG
52,Preta,Castanho,Castanho,GA,AA,AA,CG
53,Parda,Castanho,Castanho,GG,AA,AA,CC
54,Preta,Castanho,Castanho,AA,AG,GG,CC
55,Parda,Castanho,Castanho,GA,AG,GG,CG
56,Parda,Verde,Castanho,AA,AG,GA,CG
57,Parda,Castanho,Castanho,GA,AA,GG,CC
58,Branca,Castanho,Castanho,GA,AA,AA,CG
59,Parda,Castanho,Castanho,GA,AG,AA,CG
60,Parda,Castanho,Castanho,AA,AA,GA,CC
61,Branca,Castanho,Castanho,AA,AA,AA,GG
62,Parda,Castanho,Preto,GA,AG,GG,CG
63,Parda,Castanho,Castanho,AA,AA,GA,CC
64,Branca,Verde,Castanho,GA,AA,GA,CC
65,Preta,Castanho,Castanho,GA,AG,GG,CC
66,Branca,Castanho,Preto,GA,AA,AA,CG
67,Parda,Castanho,Louro,GA,AG,GA,CG
68,Branca,Castanho,Louro,AA,GG,AA,CC
69,Parda,Castanho,Castanho,GA,AG,GA,CG
70,Parda,Verde,Castanho,GA,AA,AA,CG
71,Branca,Castanho,Castanho,AA,AA,GA,CG
72,Parda,Castanho,Castanho,AA,AA,AA,CG
73,Amarela,Castanho,Castanho,AA,AA,GG,CC
74,Amarela,Castanho,Castanho,AA,AA,GG,CG
75,Preta,Castanho,Castanho,GA,AA,GG,CG
76,Parda,Castanho,Castanho,GA,AA,GG,CC
77,Branca,Castanho,Castanho,AA,AA,AA,CG
78,Parda,Castanho,Castanho,GA,AG,GG,GG
79,Parda,Castanho,Castanho,GA,AA,GA,CG
80,Parda,Castanho,Castanho,AA,AG,GA,CG
81,Parda,Castanho,Castanho,GA,AA,GA,CC
82,Parda,Castanho,Preto,GA,AG,GA,CC
83,Parda,Castanho,Castanho,AA,AA,GA,CG
84,Preta,Castanho,Castanho,GA,AA,AA,CG
85,Parda,Castanho,Castanho,AA,AA,AA,CC
86,Parda,Castanho,Castanho,GA,AA,AA,CC
87,Preta,Castanho,Preto,AA,AA,GA,CG
88,Parda,Castanho,Preto,AA,AG,AA,CC
89,Parda,Castanho,Castanho,AA,AG,GA,CC
90,Parda,Castanho,Castanho,AA,AA,GG,CC
91,Preta,Castanho,Preto,GA,GG,GG,CG
92,Parda,Castanho,Castanho,GA,AA,GA,CC
93,Parda,Castanho,Castanho,AA,AG,GA,CC
94,Branca,Castanho,Louro,AA,AA,AA,CG
95,Parda,Castanho,Castanho,AA,AA,GA,CG
96,Branca,Castanho,Castanho,AA,AG,GA,CG
97,Parda,Castanho,Castanho,AA,AG,GA,CG
98,Amarela,Castanho,Castanho,AA,AA,GA,CG
99,Branca,Castanho,Louro,AA,AG,AA,CG
100,Amarela,Castanho,Castanho,AA,AG,AA,CG
101,Amarela,Castanho,Castanho,GA,AA,GA,CG
102,Parda,Castanho,Castanho,GA,AA,GA,CC
103,Amarela,Castanho,Castanho,GA,AA,AA,CG
104,Preta,Castanho,Preto,GA,AA,GG,CC
105,Amarela,Castanho,Castanho,GG,AG,AA,CG
106,Amarela,Castanho,Castanho,AA,AA,GA,CG
107,Parda,Castanho,Preto,GA,AA,AA,CG
108,Parda,Castanho,Castanho,AA,AA,GA,CC
109,Branca,Castanho,Castanho,AA,AA,GA,CG
110,Parda,Verde,Castanho,GA,AG,AA,CG
111,Parda,Castanho,Preto,AA,AA,AA,CG
112,Parda,Castanho,Castanho,AA,AG,GA,CG
113,Parda,Verde,Louro,GA,AA,GA,CG
114,Preta,Castanho,Preto,GA,AG,GA,
115,Indígena,Castanho,Preto,AA,AA,GA,CG
116,Preta,Castanho,Preto,GA,GG,GG,CC
117,Parda,Castanho,Castanho,AA,AA,AA,
118,Branca,Verde,Castanho,AA,AA,AA,CG
119,Indígena,Verde,Castanho,AA,AG,GA,CG
120,Branca,Castanho,Castanho,AA,AA,GG,CG
121,Parda,Castanho,Castanho,GA,AA,GA,CG
122,Parda,Castanho,Castanho,AA,AA,GA,CG
123,Branca,Castanho,Castanho,AA,AA,GA,GG
124,Parda,Castanho,Castanho,AA,AA,GA,
125,Parda,Castanho,Castanho,GA,GG,AA,
126,Parda,Castanho,Preto,GA,AA,GA,
127,Branca,Castanho,Castanho,AA,AA,AA,
128,Branca,Castanho,Preto,GA,,AA,
129,Parda,Castanho,Castanho,GA,AA,GA,
130,Branca,Castanho,Castanho,AA,AA,GA,
131,Parda,Castanho,Castanho,AA,AA,GA,
132,Branca,Azul,Louro,AA,AA,AA,
133,Branca,Verde,Louro,AA,GA,AA,
134,Parda,Castanho,Castanho,GA,AA,GA,
135,Parda,Castanho,Preto,GA,GA,GA,
136,Parda,Castanho,Preto,GA,AA,GA,
137,Parda,Castanho,Preto,AA,AA,AA,
138,Branca,Castanho,Castanho,AA,AA,AA,
139,Parda,Castanho,Castanho,GA,AA,GA,
140,Preta,Castanho,Castanho,GA,GA,GG,
141,Parda,Castanho,Preto,GA,GA,AA,
142,Branca,Castanho,Castanho,AA,AA,GA,
143,Parda,Castanho,Preto,GA,,GA,
144,Parda,Castanho,Preto,AA,AA,GG,CG
145,Parda,Castanho,Castanho,AA,GG,GG,CG
146,Branca,Azul,Castanho,AA,AA,GA,CG
147,Preta,Castanho,Preto,GG,AA,GG,
148,Parda,Castanho,Castanho,AA,GA,GA,CC
149,Branca,Verde,Louro,GA,,AA,
150,Branca,Castanho,Preto,GA,AA,AA,
151,Parda,Castanho,Castanho,GA,GA,GA,
152,Branca,Castanho,Preto,GA,AA,AA,CG
153,Parda,Verde,Castanho,AA,AA,AA,CG
154,Branca,Castanho,Preto,GA,AA,AA,GG
155,Branca,Verde,Castanho,GG,GA,AA,CG
156,Branca,Castanho,Castanho,GA,AA,AA,GG
157,Branca,Castanho,Castanho,GA,AA,GA,CG
158,Branca,Castanho,Preto,AA,AA,GA,CG
159,Preta,Preto,Preto,GA,AA,GG,
160,Parda,Castanho,Preto,AA,GA,GA,
161,Branca,Castanho,Castanho,GA,AA,,
162,Preta,Castanho,Preto,GA,AA,GG,
163,Parda,Castanho,Castanho,AA,GA,AA,
164,Preta,Castanho,Preto,AA,AA,GG,
165,Parda,Castanho,Castanho,AA,AA,AA,
166,Branca,Verde,Castanho,AA,GA,AA,
167,Branca,Castanho,Castanho,GA,AA,GA,
168,Parda,Castanho,Castanho,GA,,AA,
169,Branca,Castanho,Castanho,AA,GA,GA,
170,Branca,Preto,Preto,GA,AA,GG,
171,Preta,Castanho,Preto,GA,AA,GA,
172,Parda,Castanho,Castanho,GA,GA,AA,
173,Parda,Castanho,Castanho,AA,GA,GG,
174,Branca,Castanho,Castanho,GA,AA,AA,
175,Branca,Castanho,Castanho,GA,AA,,
176,Branca,Castanho,Castanho,AA,AA,GA,
177,Parda,Preto,Preto,AA,GA,GA,
178,Preta,Castanho,Castanho,GA,AA,GG,
