"Número de identificação (Iniciar com EC, acrescido de três dígitos - ex: EC001): ",Nome completo do voluntário: ,Cor da pele: ,  Cor dos olhos:  ,  Cor dos cabelos quando tinha 15 anos:  ,rs1426654,rs6058017,rs1800404,rs16891982
EC001,Maria Helena do Nascimento ,Parda,Mel,Preto,AA,,,
EC002,Adriana Pessoa de Melo,Parda,Castanho escuro,Castanhos,GG,AA,GA,
EC003,Isabel Ferreira da Silva ,Parda,Castanho escuro,Preto,GA,,AA,
EC004,Amanda Aline da Costa,Parda,Castanho escuro,Castanhos,,,,
EC005,Jean Michel Barcelos dos Santos,Parda,Castanho escuro,Castanhos,AA,AA,AA,
EC006,Roberta Santos da Silva,Branca,Mel,Castanhos,AA,AG,,
EC007,Mateus da Silva do Nascimento,Preta,Castanho escuro,Preto,GG,,GG,
EC008,Pâmela Gabriela Lima dos Santos ,Parda,Castanho escuro,Castanhos,AA,,GG,
EC009,Claudia Lima dos Santos,Branca,Castanho claro,Castanhos,AA,AG,AA,
EC010,Lucas Angelis Figueiredo ,Parda,Castanho escuro,Castanhos,GA,AG,,
EC011,Rodrigo Lins da Silva,Amarela,Castanho escuro,Castanhos,GA,AG,,
EC012,Gabriel Gonçalves Galvao Vieira ,Branca,Castanho escuro,Castanhos,AA,,,CC
EC013,Helker Albuquerque Macedo da Silva,Branca,Castanho escuro,Preto,AA,AA,GA,CG
EC014,Abigail Marcelino dos Santos Silva ,Parda,Castanho escuro,Castanhos,AA,AA,,CG
EC015,Edson Figueiredo da Silva,Branca,Castanho claro,Castanhos,AA,AG,AA,CC
EC016,Isabella da Silva Marques,Parda,Castanho escuro,Castanhos,GG,AA,AA,CG
EC017,Pedro Paulo Cabral de Lira Sobrinho Filho,Branca,Castanho escuro,Castanhos,AA,AA,,
EC018,Amanda Pedrosa da Câmara ,Parda,Castanho claro,Castanhos,AA,AA,,
EC019,Giselly Thais da Silva Oliveira ,Branca,Castanho escuro,Castanhos,AA,AA,GA,CG
EC020,Gabriel Carlos Rodrigues da Silva ,Branca,Castanho escuro,Castanhos,,,,
EC021,Nicolly Magalhães Oliveira ,Branca,Verde,Castanhos,AA,AA,AA,CG
EC022,Raquel Camelo Barreto de Siqueira ,Parda,Castanho escuro,Castanhos,,,,
EC023,Gisele Cruz Nascimento ,Parda,Castanho escuro,Preto,,AA,,
EC024,Jose Leonardo Dourado de Araújo ,Branca,Castanho claro,Castanhos,,,,
EC025,Maria Beatriz Britto Torquato,Branca,Castanho escuro,Preto,AA,AA,AA,
EC026,Mariana da Silva Calado Lourenço ,Branca,Mel,Castanhos,,AA,,
EC027,Valderez Thais do Nascimento Ferreira Cardoso ,Branca,Mel,Preto,,AA,AA,
EC028,Milca Carodos Cordeiro da Silva ,Branca,Castanho escuro,Castanhos,GA,,,
EC029,Deborah Tereza Borba da Silva ,Amarela,Verde,Loiros,,,,
EC030,Marilia Maria Leite Ribeiro da Silva ,Parda,Castanho escuro,Castanhos,,,,
EC031,Bruna Patrícia Viegas de Menezes ,Branca,Castanho escuro,Castanhos,AA,AA,AA,CC
EC032,Valquíria Silva Do Nascimento ,Parda,Castanho escuro,Castanhos,GG,AG,GG,CG
EC033,Soraya de Oliveira Costa,Branca,Castanho escuro,Castanhos,,,,
EC034,Leonardo da Silva Lima,Parda,Castanho escuro,Castanhos,AA,AA,,
EC035,Laila Beatriz de Santana Souza ,Parda,Preto,Preto,GA,,,
EC036,Vinicius Henrique Figueiredo de Souza ,Parda,Castanho escuro,Preto,,AA,,
EC037,Claudia da Silva Farias ,Parda,Castanho escuro,Castanhos,,,,
EC038,Fernanda Cabral da Silva,Parda,Castanho escuro,Castanhos,,,,
EC039,Karla Karina Gomes do Nascimento ,Preta,Castanho escuro,Castanhos,GA,,,
EC040,Izabel Barbosa de Lima ,Branca,Castanho escuro,Castanhos,,,,
EC041,Girlayne Kardinally Ribeiro ,Amarela,Castanho claro,Castanhos,AA,,,
EC042,Franciavania da Silva Alves,Preta,Castanho escuro,Preto,,,,
EC043,Ruth Mirelli da Luz de Brito,Parda,Castanho escuro,Castanhos,,,,
EC044,Antônio Fernando de Paula Santos,Parda,Castanho escuro,Castanhos,AA,,GA,
EC045,Paulo Augusto dos Santos Araújo ,Parda,Castanho escuro,Castanhos,AA,,,
EC046,Germano José Estevam da Silva,Branca,Castanho claro,Castanhos,AA,AG,AA,
EC047,Sandra Maria dos Santo,Parda,Castanho escuro,Castanhos,,,,
EC048,Ignês Carmelita Saraiva de Araújo ,Branca,Castanho escuro,Castanhos,AA,,AA,
EC049,Irma Antônia dos Santos Tavares ,Branca,Castanho escuro,Castanhos,AA,AG,AA,
EC050,Alane Micarela Perreira Barbosa ,Branca,Mel,Castanhos,AA,AA,GA,
EC051,Katia elaine de souza ,Parda,Verde,Castanhos,GA,AG,AA,
EC052,Fernanda de lima araujo ,Parda,Castanho escuro,Castanhos,GA,AA,AA,
EC053,Amanda janaina dos santos ,Parda,Castanho escuro,Castanhos,GA,AA,AA,
EC054,Vania Maria da silva ,Parda,Castanho claro,Preto,,AA,GA,
EC055,Maria maisa siqueira coelho ,Parda,Castanho escuro,Castanhos,GA,AG,GA,
EC056,Rosangela alves da silva ,Preta,Castanho escuro,Preto,GA,AA,AA,
EC057,Maelite maria silva de lima ,Preta,Castanho escuro,Preto,GA,,GA,
EC058,Pollyanna izabelly oliveira de souza ,Parda,Castanho escuro,Castanhos,GA,AA,GA,
EC059,Marilia gabriela barbosa da silva ,Parda,Preto,Castanhos,AA,,AA,
EC060,Ana julia de holanda marcedo ,Parda,Castanho escuro,Castanhos,GA,GG,GG,
EC061,Samara marques rigaud,Parda,Castanho escuro,Castanhos,AA,,GG,
EC062,Mayana oliveira menezes da silva ,Branca,Castanho claro,Castanhos,GA,AA,AA,
EC063,Samara betriz rufino dos santos ,Indígena,Castanho escuro,Castanhos,GA,AA,AA,
EC064,Gilvan duarte rosas neto,Branca,Verde,Loiros,,,AA,
EC065,Laryssa bandeira de melo silva ,Parda,Castanho escuro,Castanhos,GA,AG,GG,
EC066,Bianca Santa Clara Rodrigues ,Branca,Castanho escuro,Castanhos,,AA,AA,
EC067,Kameelah Gomes de Miranda,Parda,Castanho escuro,Castanhos,AA,AG,GG,
EC068,Juliana Maria Ribeiro Vasconcelos ,Branca,Castanho claro,Castanhos,AA,AG,GA,
EC069,Douglas antonio serpa da silva,Branca,Castanho claro,Castanhos,GA,AA,,
EC070,Joyce de lucena guimaraes,Parda,Castanho escuro,Castanhos,GA,,,
EC071,Caua viana camarotti de souza ,Branca,Castanho escuro,Castanhos,,,,
EC072,Maria helena araujo dos santos ,Branca,Castanho escuro,Castanhos,GG,AG,,
EC073,Samuel katz schuler,Branca,Azul,Loiros,AA,AA,GA,
EC074,Maria eduarda rodrigues  de frança ,Branca,Castanho claro,Castanhos,GA,AA,AA,
EC075,Daline dias dos santos ,Branca,Castanho escuro,Preto,AA,AG,AA,
CE076,Maria eduarda paiva inacio da silva ,Parda,Castanho escuro,Castanhos,AA,,,
EC077,Luana xavier sampaio alves ,Branca,Castanho escuro,Preto,AA,AG,AA,
EC078,Ariadne Alves de  Melo Souza ,Branca,Verde,Castanhos,GG,AA,AA,
EC079,Maria vitoria rodrigues da silva ,Parda,Castanho escuro,Castanhos,AA,AA,AA,
EC080,Francisco eduardo oliveira de lira filho,Parda,Castanho escuro,Castanhos,AA,AA,GA,
EC081,Giovanna de freitas barbosa ,Branca,Castanho escuro,Castanhos,AA,AA,GA,
EC082,Debora maria freitas  costa de medeiros,Branca,Castanho escuro,Castanhos,AA,,,
EC083,Ana beatriz de aquino silva gondim,Branca,Castanho escuro,Castanhos,GA,AA,GA,
EC084,Isabela rego barros de andrade enedino,Branca,Castanho escuro,Castanhos,AA,AG,AA,
EC085,Alex Yuri moura luz,Parda,Castanho claro,Preto,AA,AG,GA,
EC086,Gabriel dantas do nascimento,Parda,Castanho escuro,Preto,AA,,,
EC087,Carolina fernandes camara,Branca,Castanho escuro,Castanhos,AA,AG,AA,
EC088,Aline ferreira sobral ,Parda,Castanho escuro,Preto,GA,AG,AA,
EC089,Victoria oliveira lima da silva ,Parda,Castanho escuro,Castanhos,AA,AG,AA,
EC090,Maria luiza de freitas bispo,Branca,Castanho claro,Castanhos,AA,AA,AA,
EC091,Kleber alexandre vieira de oliveira,Parda,Castanho escuro,Castanhos,AA,AA,AA,
EC092,Everton de amorim freitas filho,Branca,Castanho claro,Castanhos,AA,,GG,
EC093,Maria Eugênia romeiro victor,Branca,Verde,Castanhos,AA,AG,AA,
EC094,Maria Flávia Santana de Sousa,Parda,Castanho escuro,Preto,GA,AG,GG,
EC095,João Vinícios Gomes Gonçalves ,Parda,Castanho escuro,Castanhos,GA,AA,GA,
EC096,Arthur Henrique Tavares Costa Santos ,Branca,Castanho escuro,Preto,GA,,,
EC097,Gabriella Silva do nascimento ,Branca,Castanho escuro,Castanhos,AA,AG,GA,
EC098,Felipe Nunes Gonçalves ,Parda,Castanho claro,Castanhos,GA,AG,,
EC099,Maria Eduarda de Souza ponciano,Branca,Castanho escuro,Castanhos,GA,AA,,
EC100,Laís Joana de Oliveira bezerra,Parda,Castanho escuro,Castanhos,AA,GG,GA,
EC101,Jessica Ribeiro de Alcântara ,Branca,Castanho escuro,Castanhos,AA,AG,AA,